Name	Bytes	SHA256
annotations-24.0.1.jar	30651	61666DBCE7E42E6C85B43C04FCFB8293A21DCB55B3C80E869270CE42C01A6B35
ant-1.10.15.jar	2304360	763ACDA4A69588C9EA8817A952851FF0C2FC4BFFA1D081C2565DC407F29D5794
ant-antlr-1.10.15.jar	12273	619E361609D446FE6AB67D1D45B8656E68644CBD7C45BBED5C2C8816408D8DD5
ant-junit-1.10.15.jar	141395	9A455EEB4BEDC1D8BCD4B8099D4B1F18F1BF1BC977CD6E389A106FE0CF366711
ant-launcher-1.10.15.jar	18870	5C8551990307A032336D98DDAED549A39A689F07D4D4C6B950601BF22B3D6A1B
antlr4-runtime-4.7.2.jar	337904	4C518B87D4BDFF8B44CD8CBC1AF816E944B62A3FE5B80B781501CF1F4759BBC4
asm-9.7.1.jar	126093	8CADD43AC5EB6D09DE05FAECCA38B917A040BB9139C7EDEB4CC81C740B713281
asm-commons-9.7.1.jar	73459	9A579B54D292AD9BE171D4313FD4739C635592C2B5AC3A459BBD1049CDDEC6A0
asm-tree-9.7.1.jar	51939	9929881F59EB6B840E86D54570C77B59CE721D104E6DFD7A40978991C2D3B41F
commons-codec-1.16.1.jar	365463	EC87BFB55F22CBD1B21E2190EEDA28B2B312ED2A431EE49FBDCC01812D04A5E4
commons-compress-1.26.1.jar	1079377	27BB5D40F37C3BB7205B4A0540247DF057715E9F6CBBD97D626AB8B50318BB04
commons-io-2.15.1.jar	501218	A58AF12EE1B68CFD2EBB0C27CAEF164F084381A00EC81A48CC275FD7EA54E154
commons-lang-2.6.jar	284220	50F11B09F877C294D56F24463F47D28F929CF5044F648661C0F0CFBAE9A2F49C
commons-lang3-3.14.0.jar	657952	7B96BF3EE68949ABB5BC465559AC270E0551596FA34523FDDF890EC418DDE13C
error_prone_annotations-2.36.0.jar	19401	77440E270B0BC9A249903C5A076C36A722C4886CA4F42675F2903A1C53ED61A5
failureaccess-1.0.3.jar	10763	CBFC3906B19B8F55DD7CFD6DFE0AA4532E834250D7F080BD8D211A3E246B59CB
fastutil-8.5.2-min.jar	1808861	49F5FD6FE9D6B1060ADE159491B38B733620A91B19DA651FF0825130F535E582
gradle-api-metadata-8.14.jar	860	BCF2A2A658AB63033E252BEA640A099B65C0E807DEC1C9F72BADFEC2D50215E4
gradle-base-asm-8.14.jar	14890	B785F9C796824607DFEEC9C43F1EEB10BB11DD6994F142BC1ED3312B124E3B74
gradle-base-diagnostics-8.14.jar	108205	82600C0CBC588888033E8DAC1B5852D4F9998D4C395C1E9AAE315CFA9F4ECE4A
gradle-base-services-8.14.jar	262115	5824048E09BDFE77635F9871D384F165233996ADEF4952D409B145015699E4C8
gradle-base-services-groovy-8.14.jar	29444	80289A9FF8A00BBC5206E42D8F5F00E7EB42F96DD4C3F2206A1AF7E13CDE9E7A
gradle-build-cache-8.14.jar	64247	6EE9BD85CBD58B4E4543BBC9D834AE1B13519C4ECBCA71A34C0490DA743F5A83
gradle-build-cache-base-8.14.jar	7425	63BE6DDB473D7E8E8C1E68D48700956DF933F648028140B603DD1020116566C0
gradle-build-cache-local-8.14.jar	7687	BF1DC299B18715388F7C43CD1DB607BFCA1D698D8B89BFCBB43214C33A2F882F
gradle-build-cache-packaging-8.14.jar	23515	D3930FA4B84062F3C60CC6329515AAB5F973A891712F4B53A22BD11E2A23A80F
gradle-build-cache-spi-8.14.jar	3277	646BBE8841DDE3E38D287B295504184F6D3260F7074EAB4C956B138EB0EFA13C
gradle-build-configuration-8.14.jar	21361	B27161891EA799372F4D71D58B62F66AC7A22EAC7BE5FDF93B1591E812B184C6
gradle-build-events-8.14.jar	79805	7EDA6F41B18F4348981AD1F1898907441E4FC88840DD1B94854B6171644650D4
gradle-build-init-specs-8.14.jar	5736	187D050DFBC7C1EA85A803EF534BBB9FDC2B15505F438AFC4B70D5A4DD104851
gradle-build-init-specs-api-8.14.jar	3718	D9DA4E17B85DE447A79FF44760C2661D79C320CFE93FF07EA0BF1AB48D89BDD9
gradle-build-operations-8.14.jar	46389	70D08EDEA40F8B16E116EDF1C4CC39363B5FEDD5140C61B80ADCCD24B945246E
gradle-build-operations-trace-8.14.jar	31778	3A3075049BBD96F46C8DCF8C6496FD39631FDFB2D5C5D6C0902F1E69E5F84426
gradle-build-option-8.14.jar	32721	D86CE5F19FE4AC33F865E4244C3E514593197D92DE1B19F2A05A13DE43B1591D
gradle-build-process-services-8.14.jar	28526	32D8349C7BA1134A3F760AF3D9ACDEAC40FA920DCAD39B68EB39C6255A7BEC9D
gradle-build-state-8.14.jar	22304	6E4C38137DDD8E533ADEB2158F6101142054ADDF79C12C3371F14A8465CC0F81
gradle-classloaders-8.14.jar	80145	510CA1EEC3AAD32B46E2051BE8D55A3511211654803AE2432B939900D440544F
gradle-cli-8.14.jar	27694	E978FBEC6D4C8AE48CBF3F509F8E367AB13A4DF09E4C3749654730CA8541F3E2
gradle-client-services-8.14.jar	114912	504CECBE1E82CC310CC5566AC7D009ED1940DEB3850F65D9794E798AC15F697E
gradle-concurrent-8.14.jar	24780	EB80C6FFF937A8D98B8839ACB606B5E1FF32ACBFD9C00A3158AF3C21A7074B0E
gradle-configuration-problems-base-8.14.jar	188033	B0B06FDBD34FF27D9768F968BFFEC409FDE5E0919701CCC6170C06D5BFC3DD5C
gradle-core-8.14.jar	3055148	36EE23FBF4082131BBF8758603A7A2019BE60F47BC033B283447E107C578427D
gradle-core-api-8.14.jar	520581	F62C98EA2375F3AD837D4E3778F463937DB9A1CC1D6DD14F42AB3E7BDACEE64C
gradle-core-kotlin-extensions-8.14.jar	16720	B401DBB4514AFF4E1D725408F5FDCE71A49BB201E66F361A19D17DF046181854
gradle-daemon-main-8.14.jar	1951	15652F46BBB60E106D529465BFF8C56F5333383D8DF104223213285A177812F5
gradle-daemon-protocol-8.14.jar	99360	7EBEB80284CED0FC72D8948D61907616E5262AB6C72AAF54A51DD2F61B02158F
gradle-daemon-server-8.14.jar	7348	CAF48FD0B455217D921731ED1F6EF83FD4B1265ECF80CE5EA17B44FBD733F381
gradle-daemon-services-8.14.jar	35332	0870F236C068841A2963165B4832952C039428B8C03D31C88CBC649C6A3A0942
gradle-declarative-dsl-api-8.14.jar	5474	A3FCB6F5D87933D3F869639FE84AFFEC32243216A972366A0E933229E3EB6F07
gradle-declarative-dsl-core-8.14.jar	1745918	DC61F98B012B6FA4B928C35B5E093DFAC12BD395C43CF77783A037839B1CEB9F
gradle-declarative-dsl-evaluator-8.14.jar	147207	495F9BA9C84D33D1ADEC61308DDBF0611F82E62B5A92CEB94E096ADBE805515A
gradle-declarative-dsl-internal-utils-8.14.jar	23890	10402F031BBD9802BBDA6AD70735635148D63AEDE559A74A87083484F462B8A3
gradle-declarative-dsl-provider-8.14.jar	328961	FFF9ED8FD0C561A76B848D8B2635B5F515181D8059D37446F8264984DF7ADE66
gradle-declarative-dsl-tooling-models-8.14.jar	79618	5B3A582B2350CE062C1203754B3B569B2C6E095A8EB9EF2035C3229FAE1F85ED
gradle-enterprise-logging-8.14.jar	4750	C3B45F8E2010B69EE5BD0DBEF01DCFB35769684B400CB7D5419B02C22F67CA73
gradle-enterprise-operations-8.14.jar	108646	58B76661D71E6C7F58FF308A9EE87C6BBC8A481B19EDD8B62290DC9FB4D190E9
gradle-enterprise-workers-8.14.jar	4813	A34B2103A1C3D7452DC207341C95D290CBA451D0ACED506C5FB321C8A9C2AC6A
gradle-execution-8.14.jar	404465	70BFF47A463FBA595E0CD3B1B6E50E7FC3C6565995F954BA21FD2B18FC94B886
gradle-file-collections-8.14.jar	199618	33C6614AA84626F8C17718778E8B63E990FE94A75D4D06B7265DFE3E252E973F
gradle-file-operations-8.14.jar	170547	406AE4EB397114C426236A3F433113DE5ADBAF7F4D042CEB2475557EF2BC143C
gradle-file-temp-8.14.jar	5458	36126D713615BD17F652007A4DA1096C9B8B1622A6B7B72BB1C873A2EA6D400F
gradle-file-watching-8.14.jar	110330	32F7F46F4BCDEDC5D8FDA2BD63390AE7E58EB272D3508F8E135B4D9ABEC40633
gradle-fileevents-0.2.7.jar	1433862	9F8D26B0057ED645AF68C8D4139988D69EE884AD8D009E98A793C08CBDD3D2F8
gradle-files-8.14.jar	81762	E970757246A0D877BB7716F3E9AAA2F5677EDD027CF9621F6C1D74D6490587B3
gradle-functional-8.14.jar	50099	A9886935838153B452CD5AE09C57FDDD39A354CCA9578DF94AE3460C34323730
gradle-gradle-cli-8.14.jar	37800	176FDED9186E625C345F1CA4C3AD95658CC11F1D7A7A2ED9F2C31B5761212D62
gradle-gradle-cli-main-8.14.jar	4044	3E21380F278D069EC1FC706B1A3B075250A00D6366DCCC1FCF343838A494F20B
gradle-hashing-8.14.jar	24379	9476D8A223A557442815B026D6269F074B0F5BBFBB41C9B5D5DF03E76CBC08B5
gradle-input-tracking-8.14.jar	22157	D03CB6878AD5DEF35128C2B8E01E2FB276BB2EEB7BF4CACA7AE67A4A6D7BCA4A
gradle-installation-beacon-8.14.jar	1420	BFB799CB2ABF221FEC8611861CEBD715E8222A6F9C4B14618E1AB6AF898D9A4D
gradle-instrumentation-agent-services-8.14.jar	8500	47751676D7806B5AC80E5B8F6A9806B3538318466883333D5D3815A2453A9F9F
gradle-instrumentation-reporting-8.14.jar	12139	D5C814B00E6FD18A0F38C82CE9429DB442D014A940E1E6D133F9BD88E84CCEF8
gradle-internal-instrumentation-api-8.14.jar	61203	2977C7E2D59E719BB96D9188D3049D37236145A083294ABA81BE2B3E29498FD6
gradle-io-8.14.jar	17196	1C9BE326CE31E5C0065DD6D8D16E320DAB5CFD82599EB4899EFE92ABD7EBC7BD
gradle-java-api-extractor-8.14.jar	33598	FAAD2B255BE3BAC25A187DAA98B8F2D39F959F87A06747862232F308CB09D881
gradle-jvm-services-8.14.jar	117193	97FEF299C8555A9F4FE846B8FC60298275F4AB6C2F041737A13EBCDFCFEA24FB
gradle-kotlin-dsl-8.14.jar	1602276	F03A624A518A46F668F77F6414E70A8190D6627C9C82A836FD3622606681651D
gradle-kotlin-dsl-extensions-8.14.jar	161760	B22021476462D073D3BA633F65201556D6C3D8EE7ABF7651F60D38784A179669
gradle-kotlin-dsl-shared-runtime-8.14.jar	111208	4901B08254E9C4592A70A73BBBF7CD67923CD44487893CF7A7D88C5A45D78BF0
gradle-kotlin-dsl-tooling-models-8.14.jar	3891	A4FB6ED40B4DF50C337DE44A67826E1C5B89DE1FA2C4789C4E97764E7629358C
gradle-launcher-8.14.jar	327153	533CE5D8F1BA9ED6CD7CAD557F294B6DC2C1A4F160552A4F5AE6E533F0F14AC5
gradle-logging-8.14.jar	369071	4E7905FD3DD50DE435BA3A52CCC0562582EB2C782A7E6EDFAEFB7E565D7CE4E5
gradle-logging-api-8.14.jar	7648	A3ABE3B4B8A9BB1681F890C5E31D5A39CC3872C1D3DB8D29E12818DF32D5F9F0
gradle-messaging-8.14.jar	150600	81E71115847915486E4AC84B4339BC4C57BB266FE13B61D1B0BCC41027182F70
gradle-model-core-8.14.jar	1346062	DC9B09032AACCE6CAD88A63C1DCDD1615CDC3255C38A869A2BA4F777946CAE80
gradle-model-groovy-8.14.jar	34449	36EFEA2D1B88971A98BFA6B062A63338E4C9B75EF0A98334211CEFCB50DB8A35
gradle-model-reflect-8.14.jar	96477	7886C93E9ACE7AC7029F81E34862A77AD88E559CA42F43667E292D65B1B58473
gradle-native-8.14.jar	82569	30207A7017075C64D988FC4554C1C4E65D59A2FE318E7F0A4A45B82CA1613674
gradle-normalization-java-8.14.jar	63999	4729F92DD2A5423B92C9E1FE099DC77D7D699C5B172A32B7311354D47BE86F3F
gradle-persistent-cache-8.14.jar	278094	DAD3771052722E8E3099BEB2E8C90DEE7FCC7D1D1FA322A49BF7FBD5E82A5F03
gradle-problems-8.14.jar	82739	8CA010E72EF0189DB6EFC3FB76B5C4670F4FDFFF3FF23ED8E0D228EA4B3652AB
gradle-problems-api-8.14.jar	106590	727628F218A6A89B5B2542919062D286C0C73D02508E7EE027CE23BD2D725B84
gradle-problems-rendering-8.14.jar	4150	9A97F236559D6381886DD86B229769871F4E2D1D9A9B4FC9620F993D87257083
gradle-process-memory-services-8.14.jar	34187	9ED58B2107BFFC3EB81DD086C4FB3A54E70AFA084D7C2DBDA037A740F382B7D4
gradle-process-services-8.14.jar	7274	29C1F81B0BDA942D0326466431C720728D1FA5E950DEA8C6DD79E8ADA667A051
gradle-report-rendering-8.14.jar	18273	AD976760A2A941839ABE4521E7A8FE2A38AE26FDC7A1BB96EB45182E9224E9E7
gradle-request-handler-worker-8.14.jar	14696	756D3BAA2B543B021C2702B2CF0B25776331C20C9E246411A484440C90653E67
gradle-resources-8.14.jar	88092	CFD529D9EB22C4D43FF7758692C3773F705B13A60CC5F0AD8F388C22A356E35E
gradle-resources-http-8.14.jar	77775	A0884A9FD5538E772ED762BBE322A3A7EBB1C91E5A7956BE6F708630CB666C76
gradle-runtime-api-info-8.14.jar	32552	872067162CB9F8D69D86D74362859D15313FACF8FB52B34872EB07A31879BE48
gradle-serialization-8.14.jar	135416	D97CC9C9D3299BD4C2F32A48E9986FB0DB5A2743571E0F5E12185A5E181DAD6A
gradle-service-lookup-8.14.jar	4709	D8C9DC9C8436ED250EE9733174A879F151F3942B392274DADA523D3445EC8111
gradle-service-provider-8.14.jar	7040	729997D973121437DC2E58144BE6E5F39160B36142DD96447DA9C62352C64304
gradle-service-registry-builder-8.14.jar	3313	4E25804D3C57640BCEFA13A75A676A641B55927EB164C92EB09D9A3D53895EE3
gradle-service-registry-impl-8.14.jar	69342	E2566D2FDAAAB2E9AE3ACF38F0DD3050B039D16D256F1FF92F165875E16B017A
gradle-snapshots-8.14.jar	193364	2597EC50E57A4DF63872326B3C8A5E69FBD1A38CC5CA4CAD368AD7FD2E47E57C
gradle-stdlib-java-extensions-8.14.jar	51368	5B18B4A5E37D57773E330B54394AB4B99031E77D501E996AB3EB79B199E611BC
gradle-stdlib-kotlin-extensions-8.14.jar	15404	6C31298BDB4F92D0042AC52F7B8F8C6C6F428D8BE5D6F9775E9929B8730A823A
gradle-time-8.14.jar	14291	40FE1B0704A6164D9C3EC798BEE337472E1A67FAEE1AAD4C1157477B71EF9CEB
gradle-toolchains-jvm-shared-8.14.jar	55389	001926494DDD4B7277B777E09059CF4C38FC77695D5C60AAE7FC41D2F36551BC
gradle-tooling-api-8.14.jar	506429	FD5E622AC40C45F3D750211E2B81F8BEF9C629EA8459A2EAD1273257DC78B46D
gradle-tooling-api-provider-8.14.jar	7745	FE94CD70D79938B9A7E3C05EBF919F1A07318BA262C40B9B420A6A5AB1C001F2
gradle-versioned-cache-8.14.jar	13385	9604A0781DFF58C759B55DCBFBAFC5EA7A9E3B2772FCFDBC6EB89FD1E34A21DE
gradle-worker-main-8.14.jar	32025	5099B9C5287AE424858F8F33DADB1A1DA9986124227DFC0761D6B36B8A39C376
gradle-wrapper-shared-8.14.jar	31950	DC83D6AFC6E0931EE590DB758FFAA685E0ED7CAC804B1343C6E196DDA471DFDD
groovy-3.0.24.jar	8056938	ABDADFFEB2CE15E375F16B13F5BBE634C30B54791D62DA38BD4AD3D5A4E89DA9
groovy-ant-3.0.24.jar	82810	B4F0E8BD8E2AD9D4DC20574A4A8D49C417A1B349466B8698C08ACB02C2161590
groovy-astbuilder-3.0.24.jar	6183	CE9D9E0B409DF25BA8948CBB84B86D291693825AFCDE685FE41C22BCF62AB346
groovy-console-3.0.24.jar	1576687	A74F3B24C4D9A8F01F357EB553B894ADA2A4BAE1454D128C1BE53F230247D5A5
groovy-datetime-3.0.24.jar	15175	223ECE7E8331661FE3B2BC0B13A11E81DFF9FA0AFCDE70813E67C03B8B551988
groovy-dateutil-3.0.24.jar	7402	8A67D5DCD32CD728075B001199A9E15B34824EC08DBECB681C3B65194D7E78EF
groovy-docgenerator-3.0.24.jar	122958	D53E3796DDC4B874DFFC5C1969C8D75A7985D53A38FF7A8206CA97CC0ACDB876
groovy-groovydoc-3.0.24.jar	161781	48ABF891B0476B37C9580D0E2E09E1F864B7E3BAA596F8687F0F39BF6D260945
groovy-json-3.0.24.jar	128878	EF4D87D552E847978FED8D4A78A0E928F7F05D5FCA43F8FEBE60B166E8F78D02
groovy-nio-3.0.24.jar	29427	1A868242EE0BF52BEF1224D1584FADBC7830378AFCC19A518A3A11730F604C67
groovy-sql-3.0.24.jar	78912	7D25BB45EA3B76C44386C0F8B1CFAD48892FB5D8B10AAA0C14B22E555D1E1263
groovy-swing-3.0.24.jar	428909	909A24FD6D761B194F637AAC0669DFBBDD211E9A015C8E951F995EFFD22E53DA
groovy-templates-3.0.24.jar	94088	B57AAE07986DD5AE8AB6390CBBB0BC57114EB8D825657718843CC0D191BD2A59
groovy-test-3.0.24.jar	118008	CF57586710687FC86DC652D75FA13903F42FA3F277D96F35AEDA5FC54C000B6E
groovy-xml-3.0.24.jar	291623	754434F11311DEB9C042FEBDF000A5AF41091DE2F9F65BA892A394E658B7B7A1
gson-2.10.jar	286235	0CDD163CE3598A20FC04EEE71B140B24F6F2A3B35F0A499DBBDD9852E83FBFAF
guava-33.4.6-jre.jar	3024894	958A035B74FF6C7D0CDFF9C384524B645EB618F7117B60E1EE915F9CFFD0E716
hamcrest-core-1.3.jar	45024	66FDEF91E9739348DF7A096AA384A5685F4E875584CCE89386A7A47251C4D8E9
httpclient-4.5.14.jar	785639	C8BC7E1C51A6D4CE72F40D2EBBABF1C4B68BFE76E732104B04381B493478E9D6
httpcore-4.4.14.jar	328436	F956209E450CB1D0C51776DFBD23E53E9DD8DB9A1298ED62B70BF0944BA63B28
jackson-annotations-2.16.1.jar	78480	A4730771E6A495DD3793A42CDB8CE6BDDB96C77E15F40C98FD8D9A7AE09E7286
jackson-core-2.16.1.jar	578125	F5F8EF90609E64FEC82EB908E497DC7D81B2EB983FE509B870292A193CDE4DFB
jackson-databind-2.16.1.jar	1637611	BAF8A8EBEE8F45EF68CDD5E2DD3923B3E296C0937B96EC0B4806AA3A31BCCD1D
jackson-datatype-jdk8-2.16.1.jar	36119	A9AA5C80F8DDA77AD8F03500A5C021ABF720ACD60AAE4E293A9E8C2885D6DC2B
jackson-datatype-jsr310-2.16.1.jar	128295	6281970682A8DA3DDBAC54BB203C9BADF1C26F507F3ECAA48EF10318579BC9AD
jansi-1.18.jar	287352	109E64FC65767C7A1A3BD654709D76F107B0A3B39DB32CBF11139E13A6F5229B
javaparser-core-3.17.0.jar	1204022	23F5C982E1C7771423D37D52C774E8D2E80FD7EA7305EBE448797A96F67E6FCA
javax.inject-1.jar	2497	91C77044A50C481636C32D916FD89C9118A72195390452C81065080F957DE7FF
jcifs-1.3.17.jar	402249	12603C9DFE7A3D16B2D7F1DF8BF5B0168728B15BE441382CB1A2B209FDE0C553
jcl-over-slf4j-1.7.36.jar	16555	AB57CA8FD223772C17365D121F59E94ECBF0AE59D08C03A3CB5B81071C019195
jsoup-1.15.3.jar	438018	E20A5E78B1372F2A4E620832DB4442D5077E5CBDE280B24C666A3770844999BC
jsr305-3.0.2.jar	19936	766AD2A0783F2687962C8AD74CEECC38A28B9F72A2D085EE438B7813E928D0C7
jul-to-slf4j-1.7.36.jar	4519	9E641FB142C5F0B0623D6222C09EA87523A41BF6BED48AC79940724010B989DE
junit-4.13.2.jar	384581	8E495B634469D64FB8ACFA3495A065CBACC8A0FFF55CE1E31007BE4C16DC57D3
kotlin-assignment-compiler-plugin-embeddable-2.0.21.jar	51351	54D4814B217721788FD865398123089A2FCFF75150D7B35D8E730A237E26CBD1
kotlin-compiler-embeddable-2.0.21.jar	58272093	9FA8CDD1DE0DCCFFE154C997D423EC6B5F53CD6D9177E3A77A9B0DE03FB1BC81
kotlin-daemon-embeddable-2.0.21.jar	345878	B1A0A73C5022F8DD05A638C6B76B2BD7361818A1F3860FF2644133B1DD2BDB03
kotlin-reflect-2.0.21.jar	3064567	3AD2FCAD0C09DDC0922DEBAB4444D612144B7B465B75A8BB7587E20DDFAFD799
kotlin-sam-with-receiver-compiler-plugin-2.0.21.jar	18712	83C179DCBB0760E7058C4B03A7F3EB33582186A28F311E30237F94B383EB96AD
kotlin-script-runtime-2.0.21.jar	43371	9C111F8D08ADE455566272D561921ADC2B2CB6B7A4CCEE38D9829C5E3A1CA6A3
kotlin-scripting-common-2.0.21.jar	196344	F87DEB2B14D068F99CBA18217D80AF85481C029C731AD8704458E9ADD9CA20F8
kotlin-scripting-compiler-embeddable-2.0.21.jar	391748	2413C230FDD8CD47EBBEBA273E4DF94CF3B44CB3EC95D2CB35472C93768C9F1C
kotlin-scripting-compiler-impl-embeddable-2.0.21.jar	229268	6ED0FA5BEB25466883989B5641F36809479260B7014535502FD387CE6C7BA833
kotlin-scripting-jvm-2.0.21.jar	150050	88427F0F7A4C47845FA2221D29F6E0E0D7CBE73C3EDF8BCA30B4D8B3A336A77C
kotlin-scripting-jvm-host-2.0.21.jar	83357	F80A852CE4934D46E39D06BB541503B6FB53A5127E162E4B1B34D4EECF091A21
kotlin-stdlib-2.0.21.jar	1747660	F31CC53F105A7E48C093683BBD5437561D1233920513774B470805641BEDBC09
kotlinx-coroutines-core-jvm-1.6.4.jar	1476653	C24C8BB27BB320C4A93871501A7E5E0C61607638907B197AEF675513D4C820BE
kotlinx-metadata-jvm-0.5.0.jar	1062195	CA063A96639B08B9EAA0DE4D65E899480740A6EFBE28AB9A8681A2CED03055A4
kotlinx-serialization-core-jvm-1.6.2.jar	419740	8E6FC04E1A2EFD2ACBBC5503A1DC9D988166F99E4F1F51EF6B91C3A52077BDB1
kotlinx-serialization-json-jvm-1.6.2.jar	258342	8D2718BB042E830B12B7FB10AF26D0FBA43DE1F1F9FFE0A6B131D4D251AAC2CC
kryo-2.24.0.jar	339283	7E56B32C635058F9AA2820F88919AB702D029CBCD15285DA9992E36CC0AE52F2
log4j-over-slf4j-1.7.36.jar	23715	0A7E032BF5BCDD5B2BF8BF2E5CF02C5646F2AA6FEE66933B8150DBE84E651E8A
minlog-1.2.jar	4965	A678CB1AA8F5D03D901C992C75741841D98A9BC3D55DAD02E84D65315C4E60F2
native-platform-0.22-milestone-28.jar	124668	FF4947814569376692B867E8905DDF8BA83A62929553AEDC4F8E846E3BE19A74
native-platform-freebsd-amd64-libcpp-0.22-milestone-28.jar	19750	88C670D679D37551BC7E799C854348AEC3C0098FF52BADBB9E3C246C4A023F56
native-platform-linux-aarch64-0.22-milestone-28.jar	11768	8D984AB5612B95AA9D24EAD48039742A318EF21A488E2D4EADC0478A0F27DC4F
native-platform-linux-aarch64-ncurses5-0.22-milestone-28.jar	8397	A5A8908EB46D33708DFB052CC65AB9426624F88FB012FAEE3A5E1F3F42D3CD07
native-platform-linux-aarch64-ncurses6-0.22-milestone-28.jar	9069	1FF2EE4B58A77916D3FAEC4204EAEE795358BA342E5638D4C80C89298698E85F
native-platform-linux-amd64-0.22-milestone-28.jar	11250	340C82470FCD12DFF02C8A7CAE0CF80DCBCE447B1B6F9C3A8FD2DF74A080B1ED
native-platform-linux-amd64-ncurses5-0.22-milestone-28.jar	8228	6816B0BF9170F27A802682C9C8342C9ABCFDAC3CCE0E6143CDBB04A2254CD6B7
native-platform-linux-amd64-ncurses6-0.22-milestone-28.jar	7950	49C7B6A93BA9A14482FADA6E891E5D09A46411BB372235B8C8686182FE762061
native-platform-osx-aarch64-0.22-milestone-28.jar	14261	7CB8F8246C50A07F52E40B698F0A229271237E0BC59A4184E6B5CCC65D9F0847
native-platform-osx-amd64-0.22-milestone-28.jar	12867	61AB872B419DEAE8CDF37D1A0D5F6916B170ADA1226129741FCEB3EBD56B950F
native-platform-windows-amd64-0.22-milestone-28.jar	71157	18803842185961617ABF2A2F52DA063DAAE6B440437B441D605A0002336963D0
native-platform-windows-amd64-min-0.22-milestone-28.jar	70274	B2758B8593CB0F4B6D41EDB89CDCBBACD4754F2F6469F3C66C43BEEE1A11CF22
native-platform-windows-i386-0.22-milestone-28.jar	62992	81721CFED8FFE07BE279ADF876F1E3C86DFE9428A59E5FE7A713F8CCC7120A09
native-platform-windows-i386-min-0.22-milestone-28.jar	62076	0F32B0012EBE1F52DE052D2988773755F0C053248C7FD23CD88A93D63A69ECD4
objenesis-2.6.jar	55684	5E168368FBC250AF3C79AA5FEF0C3467A2D64E5A7BD74005F25D8399AEB0708D
qdox-1.12.1.jar	179818	21FBA22F830E9268F07CF4AB2D99E8181ABBDCB0CB91EE0228EB3CB918DCDD1D
slf4j-api-1.7.36.jar	41125	D3EF575E3E4979678DC01BF1DCCE51021493B4D11FB7F1BE8AD982877C16A1C0
tomlj-1.0.0.jar	157156	32697C7567B2921C473678A820B13FC64700AA87BB14576EEB48D0ED5847CFD4
trove4j-1.0.20200330.jar	572985	C5FD725BFFAB51846BF3C77DB1383C60AAAEBFE1B7FE2F00D23FE1B7DF0A439D
xml-apis-1.4.01.jar	220536	A840968176645684BB01AED376E067AB39614885F9EEE44ABE35A5F20EBE7FAD
